baseline,estimate,upper,lower,NL,Model,dropped
0,-0.005427681859625237,0.05568514551953748,-0.06654050923878796,8,TNL8,none
25,-0.2921333801108641,-0.16998770188342632,-0.41427905833830186,8,TNL8,none
30,-0.3494745197611119,-0.19815778525966807,-0.5007912542625557,8,TNL8,none
0,0.07349999779737479,0.14649337804698087,5.066175477687201e-4,9,TNL9,none
25,-0.20072727483866817,-0.06340702530354128,-0.33804752437379504,9,TNL9,none
30,-0.2555727293658768,-0.0873968736397599,-0.42374858509199376,9,TNL9,none
0,-0.0981365205399049,-0.002559827644632001,-0.1937132134351778,10,TNL10,none
25,-0.3267778803119899,-0.17424859498341974,-0.4793071656405601,10,TNL10,none
30,-0.37250615226640693,-0.18923143013307614,-0.5557808743997377,10,TNL10,none
0,-0.005389040661881129,0.05572721524678762,-0.06650529657054988,8,TNL8,ALB
25,-0.2917812298824468,-0.1697186204711516,-0.413843839293742,8,TNL8,ALB
30,-0.34905966772655994,-0.19783307401010175,-0.5002862614430181,8,TNL8,ALB
0,0.07361916261183465,0.14661801337202274,6.203118516465572e-4,9,TNL9,ALB
25,-0.19936224406267306,-0.062123053202708306,-0.33660143492263783,9,TNL9,ALB
30,-0.25395852539757474,-0.08586687996644166,-0.4220501708287078,9,TNL9,ALB
0,-0.09837103807112647,-0.002756774818762478,-0.19398530132349046,10,TNL10,ALB
25,-0.3257994025241961,-0.1733474907858175,-0.4782513142625747,10,TNL10,ALB
30,-0.37128507541481004,-0.1880953257417703,-0.5544748250878497,10,TNL10,ALB
0,-0.002621270067153237,0.05854251116057905,-0.06378505129488553,8,TNL8,ARE
25,-0.29916328866191355,-0.17694336415957856,-0.42138321316424854,8,TNL8,ARE
30,-0.3584716923808656,-0.20704743411496546,-0.5098959506467657,8,TNL8,ARE
0,0.07414039784187734,0.14718348721338886,0.001097308470365821,9,TNL9,ARE
25,-0.20463388977341185,-0.06729899068522316,-0.34196878886160054,9,TNL9,ARE
30,-0.2603887472964697,-0.09217817189686328,-0.42859932269607615,9,TNL9,ARE
0,-0.1009752198753049,-0.005385160793421634,-0.19656527895718817,10,TNL10,ARE
25,-0.3258063071266384,-0.17332774890907066,-0.4782848653442061,10,TNL10,ARE
30,-0.3707725245769051,-0.1875597757350923,-0.553985273418718,10,TNL10,ARE
0,-0.013091398335828822,0.04827829612256076,-0.0744610927942184,8,TNL8,ARG
25,-0.32786314672835826,-0.2070379892824029,-0.4486883041743136,8,TNL8,ARG
30,-0.39081749640686414,-0.2408181127486541,-0.5408168800650741,8,TNL8,ARG
0,0.06815439425981973,0.14141367459031812,-0.005104886070678674,9,TNL9,ARG
25,-0.247650420259394,-0.11245236301739095,-0.38284847750139706,9,TNL9,ARG
30,-0.3108113831632368,-0.14495044312343264,-0.476672323203041,9,TNL9,ARG
0,-0.1041235517799317,-0.008249739587754448,-0.19999736397210893,10,TNL10,ARG
25,-0.37890610677808606,-0.22875075829871008,-0.5290614552574621,10,TNL10,ARG
30,-0.43386261777771684,-0.25324495196050206,-0.6144802835949317,10,TNL10,ARG
0,-0.004443419139624169,0.056910125792981416,-0.06579696407222975,8,TNL8,AUS
25,-0.2942895700779742,-0.16868068982059806,-0.41989845033535034,8,TNL8,AUS
30,-0.35225880026564427,-0.19669511105553325,-0.5078224894757553,8,TNL8,AUS
0,0.07376789266791126,0.14704331722395453,4.92468111867983e-4,9,TNL9,AUS
25,-0.20468252474448145,-0.06379083316494269,-0.3455742163240202,9,TNL9,AUS
30,-0.26037260822696,-0.0878525455464908,-0.4328926709074292,9,TNL9,AUS
0,-0.09806553461374419,-0.0023157671010288344,-0.19381530212645953,10,TNL10,AUS
25,-0.3295624225793282,-0.1735852929976656,-0.4855395521609909,10,TNL10,AUS
30,-0.3758618001724451,-0.18844439816925035,-0.5632792021756399,10,TNL10,AUS
0,-0.007530028685395161,0.053618977090530706,-0.06867903446132102,8,TNL8,AUT
25,-0.29271100215923856,-0.17051771212824926,-0.41490429219022784,8,TNL8,AUT
30,-0.3497471968540073,-0.19839368883883993,-0.5011007048691747,8,TNL8,AUT
0,0.07073431021192828,0.1437606032270584,-0.0022919828032018363,9,TNL9,AUT
25,-0.2015406358435173,-0.06415441806381567,-0.33892685362321895,9,TNL9,AUT
30,-0.2559956250546064,-0.08776540915751707,-0.4242258409516957,9,TNL9,AUT
0,-0.10189060008454551,-0.006131187088385573,-0.19765001308070546,10,TNL10,AUT
25,-0.3278381630395763,-0.1751976856687868,-0.4804786404103658,10,TNL10,AUT
30,-0.37302767563058237,-0.18965744857546532,-0.5563979026856994,10,TNL10,AUT
0,-0.003211687718812948,0.05788866610018603,-0.06431204153781193,8,TNL8,AZE
25,-0.2910763135913319,-0.1688769136823402,-0.4132757135003236,8,TNL8,AZE
30,-0.34864923876583576,-0.19728668610463726,-0.5000117914270342,8,TNL8,AZE
0,0.07655641031871668,0.14962401022438254,0.0034888104130508246,9,TNL9,AZE
25,-0.20197809361852975,-0.06462635216226578,-0.33932983507479375,9,TNL9,AZE
30,-0.25768499440597903,-0.08948475739893044,-0.4258852314130276,9,TNL9,AZE
0,-0.09650273143922757,-8.466663594932922e-4,-0.19215879651896184,10,TNL10,AZE
25,-0.32897769312527186,-0.17641684790375065,-0.48153853834679305,10,TNL10,AZE
30,-0.3754726854624808,-0.19217324979538897,-0.5587721211295726,10,TNL10,AZE
0,-0.006268989941767669,0.054831671257267844,-0.06736965114080318,8,TNL8,BEL
25,-0.29387217728945514,-0.1715722221649928,-0.4161721324139175,8,TNL8,BEL
30,-0.35139281475899264,-0.19992353380285532,-0.50286209571513,8,TNL8,BEL
0,0.07276261187504747,0.1457790804664587,-2.5385671636375673e-4,9,TNL9,BEL
25,-0.2018662937444847,-0.06435844144975231,-0.3393741460392171,9,TNL9,BEL
30,-0.2567920748683912,-0.088429658205083,-0.4251544915316994,9,TNL9,BEL
0,-0.0998177490359424,-0.004175881295304079,-0.19545961677658072,10,TNL10,BEL
25,-0.32881254540696636,-0.17609919394407292,-0.4815258968698598,10,TNL10,BEL
30,-0.37461150468117116,-0.19116241082949448,-0.5580605985328478,10,TNL10,BEL
0,-0.005469824458202981,0.055655701654484094,-0.06659535057089006,8,TNL8,BES
25,-0.2917661455308896,-0.169609919874458,-0.41392237118732117,8,TNL8,BES
30,-0.34902540974542695,-0.19769070798933377,-0.5003601115015202,8,TNL8,BES
0,0.07327643383220071,0.14627576738906997,2.771002753314544e-4,9,TNL9,BES
25,-0.19980199177639343,-0.06250700282730759,-0.3370969807254793,9,TNL9,BES
30,-0.25441767689811223,-0.08627148499812579,-0.4225638687980987,9,TNL9,BES
0,-0.09806695833727894,-0.0024876566081088597,-0.19364626006644903,10,TNL10,BES
25,-0.3262114724254064,-0.17375286696767722,-0.47867007788313554,10,TNL10,BES
30,-0.3718403752430319,-0.18864739911911663,-0.5550333513669471,10,TNL10,BES
0,0.0022937677217549947,0.06341079795685033,-0.058823262513340344,8,TNL8,BGR
25,-0.28124210915166914,-0.1589291306427209,-0.4035550876606174,8,TNL8,BGR
30,-0.337949284526354,-0.18650065207156238,-0.48939791698114554,8,TNL8,BGR
0,0.08105823326488763,0.1542192894320688,0.007897177097706473,9,TNL9,BGR
25,-0.19119216496834504,-0.05368877341160819,-0.32869555652508187,9,TNL9,BGR
30,-0.2456422446149915,-0.07729957254755035,-0.41398491668243265,9,TNL9,BGR
0,-0.09382892602869342,0.0019091505122535019,-0.18956700256964032,10,TNL10,BGR
25,-0.3264576768917514,-0.17381302747536917,-0.47910232630813365,10,TNL10,BGR
30,-0.372983427064363,-0.18966026864228874,-0.5563065854864373,10,TNL10,BGR
0,-0.005443528480322193,0.05566557861316572,-0.06655263557381011,8,TNL8,BHS
25,-0.2920719020988821,-0.16993265579293126,-0.414211148404833,8,TNL8,BHS
30,-0.3493975768225941,-0.19808915248616718,-0.500706001159021,8,TNL8,BHS
0,0.07354585661238651,0.14653264366948732,5.590695552857017e-4,9,TNL9,BHS
25,-0.20075699782374518,-0.0634433062345667,-0.3380706894129236,9,TNL9,BHS
30,-0.25561756871097147,-0.08744998964526746,-0.4237851477766755,9,TNL9,BHS
0,-0.0982098591328464,-0.002631803959019477,-0.1937879143066733,10,TNL10,BHS
25,-0.3264858266373917,-0.17396817584570742,-0.4790034774290759,10,TNL10,BHS
30,-0.37214102013830064,-0.18888046742807404,-0.5554015728485272,10,TNL10,BHS
0,-0.004935454672917781,0.05619771402578037,-0.06606862337161593,8,TNL8,BIH
25,-0.29165884317647844,-0.16948695438306638,-0.4138307319698905,8,TNL8,BIH
30,-0.34900352087719066,-0.19766557065422277,-0.5003414711001586,8,TNL8,BIH
0,0.07388346112626236,0.1469169251183453,8.499971341794088e-4,9,TNL9,BIH
25,-0.20069990981088026,-0.06332575788858366,-0.3380740617331769,9,TNL9,BIH
30,-0.2556165839983088,-0.08739286311446551,-0.4238403048821521,9,TNL9,BIH
0,-0.09807111576953081,-0.002416638655523537,-0.19372559288353808,10,TNL10,BIH
25,-0.3273939453391298,-0.17477167025152235,-0.48001622042673725,10,TNL10,BIH
30,-0.37325851125304965,-0.18990503702949407,-0.5566119854766052,10,TNL10,BIH
0,-0.004247471350345465,0.05692588173525483,-0.06542082443594575,8,TNL8,BLR
25,-0.2918034411998603,-0.1696535431605332,-0.4139533392391874,8,TNL8,BLR
30,-0.3493146351697633,-0.19797321435609452,-0.5006560559834321,8,TNL8,BLR
0,0.07558476113477781,0.14864646490888955,0.0025230573606660756,9,TNL9,BLR
25,-0.2005812130904918,-0.06326876524878797,-0.33789366093219564,9,TNL9,BLR
30,-0.2558144079355457,-0.087624880210359,-0.42400393566073247,9,TNL9,BLR
0,-0.09660834490472345,-9.735097323536196e-4,-0.1922431800770933,10,TNL10,BLR
25,-0.32722784116332865,-0.17474656083204174,-0.47970912149461553,10,TNL10,BLR
30,-0.37335174041504965,-0.19010056623538427,-0.556602914594715,10,TNL10,BLR
0,-0.005685430020424889,0.055668699770581864,-0.06703955981143164,8,TNL8,BOL
25,-0.30481935830437934,-0.18194774797964805,-0.4276909686291106,8,TNL8,BOL
30,-0.3646461439611702,-0.21240285024086258,-0.5168894376814778,8,TNL8,BOL
0,0.07260489017077171,0.1458566337512452,-6.468534097017892e-4,9,TNL9,BOL
25,-0.21542536057695147,-0.07673252782016665,-0.3541181933337363,9,TNL9,BOL
30,-0.27303141072649606,-0.10314847205596242,-0.44291434939702967,9,TNL9,BOL
0,-0.09841004538561948,-0.002590995704306265,-0.1942290950669327,10,TNL10,BOL
25,-0.3458930730626196,-0.19211383185151001,-0.49967231427372927,10,TNL10,BOL
30,-0.39538967859801954,-0.21061150015197308,-0.580167857044066,10,TNL10,BOL
0,-0.017750145552200704,0.04289392578255209,-0.0783942168869535,8,TNL8,BRA
25,-0.26721694434584153,-0.14076903625738876,-0.3936648524342943,8,TNL8,BRA
30,-0.3171103041045697,-0.16060676728260462,-0.4736138409265348,8,TNL8,BRA
0,0.06068169467348746,0.13274135862582684,-0.011377969278851909,9,TNL9,BRA
25,-0.17748925016746028,-0.03608338204912506,-0.31889511828579553,9,TNL9,BRA
30,-0.22512343913564983,-0.052194909409291806,-0.3980519688620079,9,TNL9,BRA
0,-0.10706940485053672,-0.012156661797149249,-0.2019821479039242,10,TNL10,BRA
25,-0.3165511381847598,-0.15940024464303745,-0.47370203172648206,10,TNL10,BRA
30,-0.3584474848516044,-0.16980063778683788,-0.5470943319163709,10,TNL10,BRA
0,-0.021923050758358435,0.04401694085573628,-0.08786304237245314,8,TNL8,CAN
25,-0.2891230563446426,-0.16420840923131697,-0.4140377034579682,8,TNL8,CAN
30,-0.3425630574618995,-0.1869226814362503,-0.49820343348754875,8,TNL8,CAN
0,0.05120613781326425,0.13233197449719247,-0.029919698870663973,9,TNL9,CAN
25,-0.19208791989283508,-0.052241552899943505,-0.3319342868857267,9,TNL9,CAN
30,-0.24074673143405498,-0.06827735009792665,-0.41321611277018333,9,TNL9,CAN
0,-0.14725815679674428,-0.047904122442004676,-0.2466121911514839,10,TNL10,CAN
25,-0.30514112522472403,-0.15362660243897125,-0.4566556480104768,10,TNL10,CAN
30,-0.33671771891032004,-0.15494869818406737,-0.5184867396365727,10,TNL10,CAN
0,-0.007852327493867587,0.05324661638334878,-0.06895127137108395,8,TNL8,CHE
25,-0.29477810226597534,-0.17262327766328067,-0.41693292686867,8,TNL8,CHE
30,-0.352163257220397,-0.20083907519253763,-0.5034874392482563,8,TNL8,CHE
0,0.06729414882319965,0.1402562054185887,-0.005667907772189382,9,TNL9,CHE
25,-0.201547094097629,-0.06424563467083583,-0.33884855352442217,9,TNL9,CHE
30,-0.2553153426817947,-0.08716713758744862,-0.4234635477761407,9,TNL9,CHE
0,-0.10426980636451257,-0.008699230268859756,-0.1998403824601654,10,TNL10,CHE
25,-0.32867894328419,-0.17619329320273328,-0.48116459336564676,10,TNL10,CHE
30,-0.37356077066812543,-0.1903412616270283,-0.5567802797092225,10,TNL10,CHE
0,-0.006629223462890497,0.05479333242708122,-0.0680517793528622,8,TNL8,CHL
25,-0.2900748235297708,-0.1678507636442732,-0.41229888341526844,8,TNL8,CHL
30,-0.34676394354314694,-0.1953492203695464,-0.4981786667167475,8,TNL8,CHL
0,0.07219828580839076,0.1455943091208608,-0.0011977375040792826,9,TNL9,CHL
25,-0.19998352012205964,-0.062487970953914895,-0.3374790692902044,9,TNL9,CHL
30,-0.25441988130814974,-0.08604909938513891,-0.42279066323116055,9,TNL9,CHL
0,-0.10607367984371212,-0.009839717387724628,-0.2023076422996996,10,TNL10,CHL
25,-0.32780394623331544,-0.17497173472767366,-0.4806361577389572,10,TNL10,CHL
30,-0.37214999951123606,-0.18859366865400798,-0.5557063303684642,10,TNL10,CHL
0,-0.010365539863430695,0.052246140911805725,-0.07297722063866711,8,TNL8,CHN
25,-0.29171360441883487,-0.16538138972344318,-0.41804581911422656,8,TNL8,CHN
30,-0.34798321732991566,-0.19161257426392034,-0.504353860395911,8,TNL8,CHN
0,0.07314263462693345,0.14792357752984892,-0.0016383082759820339,9,TNL9,CHN
25,-0.20383660893337766,-0.06174088948631268,-0.34593232838044263,9,TNL9,CHN
30,-0.25923245764543984,-0.08545843316332014,-0.43300648212755954,9,TNL9,CHN
0,-0.1018027120612159,-0.003509028757597066,-0.20009639536483473,10,TNL10,CHN
25,-0.338883834308253,-0.18051346208921776,-0.4972542065272882,10,TNL10,CHN
30,-0.3863000587576603,-0.1963488391360361,-0.5762512783792846,10,TNL10,CHN
0,-0.005970989159909474,0.05566931795509618,-0.06761129627491513,8,TNL8,COL
25,-0.32215504729792194,-0.19485570193438415,-0.4494543926614597,8,TNL8,COL
30,-0.3853918589255244,-0.22773184904001004,-0.5430518688110388,8,TNL8,COL
0,0.07187322391460128,0.14525697995927753,-0.0015105321300749597,9,TNL9,COL
25,-0.22732919763570847,-0.08378968509677037,-0.37086871017464657,9,TNL9,COL
30,-0.2871696819457704,-0.11135407474818912,-0.4629852891433517,9,TNL9,COL
0,-0.10574817820195351,-0.010147813713254586,-0.20134854269065244,10,TNL10,COL
25,-0.3466976755822901,-0.18668648577528735,-0.5067088653892928,10,TNL10,COL
30,-0.3948875750583573,-0.20251492898949675,-0.5872602211272179,10,TNL10,COL
0,-0.009456993307725786,0.05153283492269801,-0.07044682153814957,8,TNL8,CZE
25,-0.2938572974028588,-0.17172669944093763,-0.41598789536478,8,TNL8,CZE
30,-0.3507373582218855,-0.19952075935455457,-0.5019539570892164,8,TNL8,CZE
0,0.0712991035670559,0.14421451067959853,-0.0016163035454867247,9,TNL9,CZE
25,-0.20137426127866,-0.06391740709084176,-0.33883111546647826,9,TNL9,CZE
30,-0.2559089342478032,-0.08764290449297868,-0.4241749640026277,9,TNL9,CZE
0,-0.10418326691369914,-0.008392373849054502,-0.19997415997834378,10,TNL10,CZE
25,-0.32962421358242927,-0.17713476261452282,-0.4821136645503357,10,TNL10,CZE
30,-0.37471240291617525,-0.19157138502553428,-0.5578534208068162,10,TNL10,CZE
0,-0.015315740259484144,0.045424688480960186,-0.07605616899992848,8,TNL8,DEU
25,-0.3003281046509786,-0.1770423576691738,-0.42361385163278337,8,TNL8,DEU
30,-0.3573305775292775,-0.20494283631250904,-0.5097183187460459,8,TNL8,DEU
0,0.06460518066126039,0.1374772219837292,-0.008266860661208394,9,TNL9,DEU
25,-0.2059469263594799,-0.0672818903147003,-0.3446119624042595,9,TNL9,DEU
30,-0.2600573477636279,-0.09062305476675428,-0.4294916407605015,9,TNL9,DEU
0,-0.11102863637838858,-0.01529354360891079,-0.2067637291478664,10,TNL10,DEU
25,-0.33614968445299764,-0.18275224895646675,-0.48954711994952854,10,TNL10,DEU
30,-0.3811738940679194,-0.19717879872508823,-0.5651689894107506,10,TNL10,DEU
0,-0.009959537649906054,0.05113794381053818,-0.07105701911035028,8,TNL8,DNK
25,-0.29448530642825316,-0.1719240758749928,-0.4170465369815135,8,TNL8,DNK
30,-0.3513904601839226,-0.19971929056097948,-0.5030616298068658,8,TNL8,DNK
0,0.06972660046003848,0.14286161350929547,-0.003408412589218507,9,TNL9,DNK
25,-0.2019715072102528,-0.06418287453098145,-0.33976013988952414,9,TNL9,DNK
30,-0.25631112874431106,-0.08775498516412863,-0.4248672723244935,9,TNL9,DNK
0,-0.10149120116215879,-0.0054911533093947446,-0.19749124901492282,10,TNL10,DNK
25,-0.32835592422176324,-0.1753540726645252,-0.4813577757790013,10,TNL10,DNK
30,-0.3737288688336842,-0.1900679831544042,-0.5573897545129642,10,TNL10,DNK
0,-0.00720641183363682,0.053946851879402964,-0.0683596755466766,8,TNL8,ECU
25,-0.28528063766398337,-0.16209245973959266,-0.4084688155883741,8,TNL8,ECU
30,-0.3408954828300527,-0.18830362908265774,-0.4934873365774477,8,TNL8,ECU
0,0.06700905989619672,0.1400392304620512,-0.006021110669657756,9,TNL9,ECU
25,-0.18084069720876284,-0.0424872095315402,-0.3191941848859855,9,TNL9,ECU
30,-0.23041064862975474,-0.06095563984279209,-0.3998656574167174,9,TNL9,ECU
0,-0.10077183105292878,-0.005277327174923144,-0.19626633493093443,10,TNL10,ECU
25,-0.3101517941138766,-0.15643853962010437,-0.4638650486076489,10,TNL10,ECU
30,-0.35202778672606627,-0.16728800963460938,-0.5367675638175231,10,TNL10,ECU
0,-0.00659126367946263,0.054362496600442116,-0.06754502395936737,8,TNL8,EGY
25,-0.2915547457052453,-0.1696391918166359,-0.41347029959385473,8,TNL8,EGY
30,-0.3485474421104019,-0.19752910476985172,-0.49956577945095204,8,TNL8,EGY
0,0.07122158903889006,0.14399631411347724,-0.0015531360356971363,9,TNL9,EGY
25,-0.20195266082041194,-0.06476611289533848,-0.3391392087454854,9,TNL9,EGY
30,-0.2565875107922724,-0.08861094264896135,-0.4245640789355834,9,TNL9,EGY
0,-0.09856198723981527,-0.003054736837454261,-0.19406923764217626,10,TNL10,EGY
25,-0.3224459530754105,-0.1699649712368593,-0.47492693491396176,10,TNL10,EGY
30,-0.36722274624252954,-0.18405861719737063,-0.5503868752876885,10,TNL10,EGY
0,-0.0023661580720705042,0.058968173680786946,-0.06370048982492796,8,TNL8,ESP
25,-0.30595793484887623,-0.18349611545149663,-0.42841975424625584,8,TNL8,ESP
30,-0.3666762902042373,-0.21502398444236498,-0.5183285959661097,8,TNL8,ESP
0,0.07478012258333383,0.14799934942304677,0.0015608957436208937,9,TNL9,ESP
25,-0.21772934301601496,-0.08045075101463744,-0.3550079350173925,9,TNL9,ESP
30,-0.27623123613588463,-0.10811523313104524,-0.44434723914072405,9,TNL9,ESP
0,-0.09913711631438514,-0.003083709827649231,-0.19519052280112104,10,TNL10,ESP
25,-0.34916906412976767,-0.1968563178543025,-0.5014818104052329,10,TNL10,ESP
30,-0.3991754536928443,-0.21618561593778993,-0.5821652914478986,10,TNL10,ESP
0,-0.014430706089749275,0.04700657621372324,-0.0758679883932218,8,TNL8,EST
25,-0.2830322742640404,-0.16100986099030304,-0.40505468753777774,8,TNL8,EST
30,-0.33675258789889856,-0.18585737743302208,-0.487647798364775,8,TNL8,EST
0,0.06635489783677204,0.13999249362361035,-0.00728269795006628,9,TNL9,EST
25,-0.1881887484006989,-0.05060591346893925,-0.3257715833324586,9,TNL9,EST
30,-0.23909747764819309,-0.07086644051403404,-0.4073285147823521,9,TNL9,EST
0,-0.11211901330422705,-0.016408743156628117,-0.207829283451826,10,TNL10,EST
25,-0.31029936170588723,-0.15763560408118799,-0.4629631193305865,10,TNL10,EST
30,-0.34993543138621935,-0.16669730753959958,-0.5331735552328392,10,TNL10,EST
0,-0.005371235064683065,0.055744345321656556,-0.06648681545102268,8,TNL8,ETH
25,-0.29249162938640355,-0.17035748082879282,-0.4146257779440143,8,TNL8,ETH
30,-0.34991570825074764,-0.19861164424085817,-0.5012197722606371,8,TNL8,ETH
0,0.07352282154465849,0.14652581977076462,5.198233185523399e-4,9,TNL9,ETH
25,-0.20062514552378277,-0.0633065803818795,-0.33794371066568607,9,TNL9,ETH
30,-0.25545473893747095,-0.08728045048731475,-0.42362902738762714,9,TNL9,ETH
0,-0.09802018353607558,-0.0024351975187745095,-0.19360516955337664,10,TNL10,ETH
25,-0.32741400268091636,-0.17483436029070237,-0.47999364507113035,10,TNL10,ETH
30,-0.3732927665098845,-0.1899603427865025,-0.5566251902332665,10,TNL10,ETH
0,-0.00482621228212266,0.05770852812594892,-0.06736095269019424,8,TNL8,FIN
25,-0.2934939198019141,-0.17155321899735243,-0.41543462060647574,8,TNL8,FIN
30,-0.3512274613058724,-0.2001904325741019,-0.502264490037643,8,TNL8,FIN
0,0.07683304926303994,0.15155796104534502,0.0021081374807348646,9,TNL9,FIN
25,-0.20231751550825813,-0.06501303385911492,-0.3396219971574014,9,TNL9,FIN
30,-0.25814762846251776,-0.09005049244026525,-0.4262447644847703,9,TNL9,FIN
0,-0.09112738460131159,0.005690404708454708,-0.1879451739110779,10,TNL10,FIN
25,-0.33004516811262224,-0.17731626591878893,-0.4827740703064556,10,TNL10,FIN
30,-0.3778287248148844,-0.19443850481398817,-0.5612189448157806,10,TNL10,FIN
0,-0.007607986670710823,0.05341209194752086,-0.06862806528894251,8,TNL8,FRA
25,-0.2962388818636284,-0.17345188746895424,-0.41902587625830257,8,TNL8,FRA
30,-0.353965060902212,-0.201945935526008,-0.505984186278416,8,TNL8,FRA
0,0.07045503726694424,0.14346731878689828,-0.0025572442530098077,9,TNL9,FRA
25,-0.2047581174288487,-0.06670522958950911,-0.3428110052681883,9,TNL9,FRA
30,-0.25980074836800726,-0.09080688178437032,-0.42879461495164417,9,TNL9,FRA
0,-0.10306873782478511,-0.007461030158791709,-0.1986764454907785,10,TNL10,FRA
25,-0.3352514406894051,-0.1823114219960194,-0.4881914593827908,10,TNL10,FRA
30,-0.3816879812623291,-0.19797946383287565,-0.5653964986917825,10,TNL10,FRA
0,-0.003512255719491918,0.057677287798478534,-0.06470179923746237,8,TNL8,GBR
25,-0.2888775591287122,-0.16665729370029725,-0.4110978245571272,8,TNL8,GBR
30,-0.34595061981055625,-0.1945314012815142,-0.4973698383395983,8,TNL8,GBR
0,0.07610433590666073,0.14923776504752223,0.002970906765799239,9,TNL9,GBR
25,-0.19610405332009725,-0.05863918376701291,-0.33356892287318163,9,TNL9,GBR
30,-0.25054573116544887,-0.08217619385606956,-0.4189152684748282,9,TNL9,GBR
0,-0.09661833182004846,-9.324386387173367e-4,-0.1923042250013796,10,TNL10,GBR
25,-0.32358316179132385,-0.17089339927552255,-0.47627292430712515,10,TNL10,GBR
30,-0.36897612778557887,-0.18553120294276088,-0.5524210526283968,10,TNL10,GBR
0,-0.0064227937951000635,0.054820536746096,-0.06766612433629612,8,TNL8,GEO
25,-0.29326364718198994,-0.17104958910089502,-0.41547770526308486,8,TNL8,GEO
30,-0.3506318178593679,-0.19923999338516188,-0.502023642333574,8,TNL8,GEO
0,0.07226296812916475,0.14544101747946775,-9.150812211382586e-4,9,TNL9,GEO
25,-0.2024403866391433,-0.06503272555200301,-0.3398480477262836,9,TNL9,GEO
30,-0.2573810575928049,-0.08909210613200766,-0.4256700090536021,9,TNL9,GEO
0,-0.1006968767051675,-0.004990952613237856,-0.19640280079709715,10,TNL10,GEO
25,-0.3280898451231535,-0.1755006722330335,-0.48067901801327345,10,TNL10,GEO
30,-0.3735684388067507,-0.19022787580472164,-0.5569090018087798,10,TNL10,GEO
0,-0.004567999564607598,0.056529423593950315,-0.06566542272316551,8,TNL8,GRC
25,-0.2904227975844402,-0.16768494068030843,-0.4131606544885719,8,TNL8,GRC
30,-0.3475937571884066,-0.1955830247996017,-0.49960448957721154,8,TNL8,GRC
0,0.07483211839383103,0.1478378936690865,0.0018263431185755602,9,TNL9,GRC
25,-0.2006418985421746,-0.06288953300413566,-0.33839426408021356,9,TNL9,GRC
30,-0.25573670192937586,-0.08705613670585857,-0.4244172671528932,9,TNL9,GRC
0,-0.09613618353454352,-4.954460825322415e-4,-0.1917769209865548,10,TNL10,GRC
25,-0.3316499066165853,-0.17882668408274685,-0.48447312915042373,10,TNL10,GRC
30,-0.37875265123299356,-0.1951512710998774,-0.5623540313661097,10,TNL10,GRC
0,-0.004690027536133361,0.05639281613683383,-0.06577287120910055,8,TNL8,GTM
25,-0.2926553672221383,-0.1705547985901109,-0.4147559358541657,8,TNL8,GTM
30,-0.35024843515933934,-0.19898979884743964,-0.5015070714712391,8,TNL8,GTM
0,0.07344684486875615,0.1463893399560568,5.043497814554848e-4,9,TNL9,GTM
25,-0.20070010378134714,-0.06342303429175469,-0.33797717327093957,9,TNL9,GTM
30,-0.25552949351136783,-0.08740831963914783,-0.4236506673835878,9,TNL9,GTM
0,-0.09824026738239913,-0.002695171804757729,-0.19378536296004054,10,TNL10,GTM
25,-0.3267363195617247,-0.17424291503384312,-0.4792297240896063,10,TNL10,GTM
30,-0.37243552999758994,-0.18920256155328063,-0.5556684984418993,10,TNL10,GTM
0,-0.013352592036942529,0.047700370132840626,-0.07440555420672568,8,TNL8,HND
25,-0.24833786007094114,-0.12858001455097862,-0.36809570559090365,8,TNL8,HND
30,-0.29533491367774084,-0.1469038822532142,-0.44376594510226747,8,TNL8,HND
0,0.06278010603799719,0.1356958171003529,-0.010135605024358521,9,TNL9,HND
25,-0.15143324801661345,-0.016414662933215363,-0.28645183310001154,9,TNL9,HND
30,-0.1942759188275355,-0.028967999231851976,-0.35958383842321906,9,TNL9,HND
0,-0.11413066485124952,-0.018327954386889375,-0.20993337531560968,10,TNL10,HND
25,-0.29404431719131213,-0.14270732837191594,-0.44538130601070836,10,TNL10,HND
30,-0.3300270476593246,-0.14824408158590274,-0.5118100137327465,10,TNL10,HND
0,-7.028172398397502e-4,0.06033960012803159,-0.061745234607711086,8,TNL8,HRV
25,-0.28737666595752154,-0.16518755590979714,-0.4095657760052459,8,TNL8,HRV
30,-0.3447114357010579,-0.19340463726579005,-0.49601823413632573,8,TNL8,HRV
0,0.07907757914667662,0.15205259264518026,0.006102565648172992,9,TNL9,HRV
25,-0.19952815676126295,-0.06208102187830014,-0.3369752916442258,9,TNL9,HRV
30,-0.25524930394285095,-0.0869867800327474,-0.4235118278529545,9,TNL9,HRV
0,-0.09418929512620702,0.001361695937486293,-0.18974028618990035,10,TNL10,HRV
25,-0.33079615314476973,-0.178075219465898,-0.4835170868236415,10,TNL10,HRV
30,-0.3781175247484823,-0.19471278017899646,-0.5615222693179682,10,TNL10,HRV
0,-0.0031227103740278962,0.05798867737811643,-0.06423409812617221,8,TNL8,HUN
25,-0.28765567315261537,-0.16543305471726288,-0.40987829158796785,8,TNL8,HUN
30,-0.34456226570833276,-0.19319218148109216,-0.49593234993557334,8,TNL8,HUN
0,0.07826872059290982,0.15147977900811915,0.005057662177700484,9,TNL9,HUN
25,-0.1970453264410386,-0.05931312096761901,-0.33477753191445814,9,TNL9,HUN
30,-0.2521081358478282,-0.08347854364420673,-0.4207377280514497,9,TNL9,HUN
0,-0.0975596876685559,-0.001290369006018019,-0.1938290063310938,10,TNL10,HUN
25,-0.32947575893039954,-0.1763261066808127,-0.48262541117998636,10,TNL10,HUN
30,-0.37585897318276823,-0.19203590288870476,-0.5596820434768317,10,TNL10,HUN
0,0.008488969906650799,0.0695744066268315,-0.052596466813529905,8,TNL8,IDN
25,-0.3069954908217342,-0.18113110968538138,-0.43285987195808706,8,TNL8,IDN
30,-0.37009238296741126,-0.21427337833786966,-0.5259113875969529,8,TNL8,IDN
0,0.08045072478982548,0.15364137417378004,0.007260075405870911,9,TNL9,IDN
25,-0.19923248917730244,-0.05791601730132456,-0.3405489610532803,9,TNL9,IDN
30,-0.25516913197072805,-0.08216232889293035,-0.42817593504852575,9,TNL9,IDN
0,-0.09514110876083175,-1.3793994230959505e-5,-0.19026842352743253,10,TNL10,IDN
25,-0.33348064959104073,-0.17663596446350183,-0.49032533471857964,10,TNL10,IDN
30,-0.38114855775708256,-0.19268901357004467,-0.5696081019441205,10,TNL10,IDN
0,9.571167168978822e-4,0.06321002420683292,-0.06129579077303716,8,TNL8,IND
25,-0.3270360383266443,-0.195623038284299,-0.4584490383689896,8,TNL8,IND
30,-0.3926346693353527,-0.22981225314489373,-0.5554570855258116,8,TNL8,IND
0,0.07774049710872999,0.15189838492941227,0.003582609288047711,9,TNL9,IND
25,-0.24074463283460146,-0.09016732010971407,-0.39132194555948885,9,TNL9,IND
30,-0.3044416588232677,-0.11997199031777339,-0.48891132732876197,9,TNL9,IND
0,-0.09048294827474351,0.005943651069448386,-0.1869095476189354,10,TNL10,IND
25,-0.38488758148821756,-0.2167697609898628,-0.5530054019865723,10,TNL10,IND
30,-0.4437685081309123,-0.24145667415684935,-0.6460803421049752,10,TNL10,IND
0,-0.015445005580999524,0.045287512341384714,-0.07617752350338376,8,TNL8,IRL
25,-0.2927813688451579,-0.17051478753226162,-0.4150479501580541,8,TNL8,IRL
30,-0.3482486414979895,-0.19700600731233547,-0.49949127568364354,8,TNL8,IRL
0,0.06740174981939973,0.14008300190297449,-0.0052795022641750344,9,TNL9,IRL
25,-0.19867602975237036,-0.061313111225904854,-0.33603894827883585,9,TNL9,IRL
30,-0.25189158566672437,-0.08387082293279233,-0.4199123484006564,9,TNL9,IRL
0,-0.105880409087416,-0.010173945805837373,-0.20158687236899464,10,TNL10,IRL
25,-0.3261066476210899,-0.17340142556783159,-0.4788118696743482,10,TNL10,IRL
30,-0.3701518953278245,-0.18687800987886238,-0.5534257807767866,10,TNL10,IRL
0,-0.003569307219112349,0.05774684884377235,-0.06488546328199704,8,TNL8,IRN
25,-0.2946992060382576,-0.16905100957992483,-0.4203474024965904,8,TNL8,IRN
30,-0.35292518580208665,-0.1973957141284833,-0.50845465747569,8,TNL8,IRN
0,0.07678653268344152,0.14993139765579885,0.003641667711084179,9,TNL9,IRN
25,-0.18669493865231856,-0.04476474209417314,-0.328625135210464,9,TNL9,IRN
30,-0.2393912329194705,-0.06579000357050588,-0.4129924622684351,9,TNL9,IRN
0,-0.09350569800007708,0.0022944682544323164,-0.18930586425458645,10,TNL10,IRN
25,-0.3094506707356083,-0.15141754672993715,-0.46748379474127943,10,TNL10,IRN
30,-0.35263966528271457,-0.1632609339230282,-0.5420183966424009,10,TNL10,IRN
0,-0.0037929285893687683,0.05742440469031804,-0.06501026186905558,8,TNL8,ITA
25,-0.28814798333273917,-0.16557157172712447,-0.4107243949383539,8,TNL8,ITA
30,-0.3450189942814133,-0.19319137306091505,-0.49684661550191156,8,TNL8,ITA
0,0.06912515856361033,0.14204853824083746,-0.003798221113616787,9,TNL9,ITA
25,-0.20455548688311134,-0.06663429412166491,-0.34247667964455775,9,TNL9,ITA
30,-0.2592916159724556,-0.09041797686226968,-0.42816525508264147,9,TNL9,ITA
0,-0.10501384505260214,-0.009314449895277993,-0.20071324020992629,10,TNL10,ITA
25,-0.3344786117536298,-0.18113829385412167,-0.48781892965313794,10,TNL10,ITA
30,-0.3803715650938352,-0.1962350366986675,-0.5645080934890029,10,TNL10,ITA
0,-0.02005781191944279,0.04070115699308555,-0.08081678083197112,8,TNL8,JPN
25,-0.346692199957816,-0.2206294434032314,-0.4727549565124006,8,TNL8,JPN
30,-0.4120190775654906,-0.2561465343390751,-0.5678916207919061,8,TNL8,JPN
0,0.045159077518588754,0.11758078287682658,-0.027262627839649063,9,TNL9,JPN
25,-0.24414380954361853,-0.10403644294533379,-0.3842511761419033,9,TNL9,JPN
30,-0.3020043869560599,-0.13064095083627847,-0.47336782307584135,9,TNL9,JPN
0,-0.13964598082446597,-0.04460971082031741,-0.23468225082861455,10,TNL10,JPN
25,-0.37709907015631067,-0.22328157141621516,-0.5309165688964061,10,TNL10,JPN
30,-0.42458968802267943,-0.23988831656822363,-0.6092910594771352,10,TNL10,JPN
0,-0.0012792380883935167,0.06111895918670521,-0.06367743536349224,8,TNL8,KAZ
25,-0.2984084053302724,-0.17631137993055693,-0.4205054307299879,8,TNL8,KAZ
30,-0.3578342387786482,-0.2065641413938405,-0.5091043361634559,8,TNL8,KAZ
0,0.07269723872541042,0.1474260169332186,-0.0020315394823977734,9,TNL9,KAZ
25,-0.2107527443808754,-0.07406743787414402,-0.3474380508876068,9,TNL9,KAZ
30,-0.2674427410021326,-0.0999641806893761,-0.43492130131488915,9,TNL9,KAZ
0,-0.10777629049012748,-0.01058995762804471,-0.20496262335221024,10,TNL10,KAZ
25,-0.33810653951045677,-0.1868262204758504,-0.48938685854506314,10,TNL10,KAZ
30,-0.38417258931452264,-0.2021773724723792,-0.5661678061566661,10,TNL10,KAZ
0,-0.0021878030189602295,0.05885951679818954,-0.06323512283611,8,TNL8,KEN
25,-0.31973441740887026,-0.1975756900143618,-0.4418931448033787,8,TNL8,KEN
30,-0.3832437402868523,-0.23193287767059925,-0.5345546029031054,8,TNL8,KEN
0,0.09145801660675934,0.16413920329417422,0.018776829919344457,9,TNL9,KEN
25,-0.22799330843954801,-0.09005120496514615,-0.36593541191394985,9,TNL9,KEN
30,-0.2918835734488095,-0.12305724359905892,-0.4607099032985601,9,TNL9,KEN
0,-0.08239123880427698,0.013227357622619132,-0.17800983523117309,10,TNL10,KEN
25,-0.3360532596836906,-0.18236532363315808,-0.48974119573422314,10,TNL10,KEN
30,-0.3867856638595733,-0.20223363006503134,-0.5713376976541152,10,TNL10,KEN
0,-0.006908746268592624,0.05406303406821489,-0.06788052660540014,8,TNL8,KGZ
25,-0.2930280661386866,-0.17104327379195375,-0.41501285848541947,8,TNL8,KGZ
30,-0.3502519301127055,-0.1991483504096413,-0.5013555098157697,8,TNL8,KGZ
0,0.07185259005281257,0.1449049832819191,-0.0011998031762939648,9,TNL9,KGZ
25,-0.20234273216434842,-0.06520914121070123,-0.3394763231179956,9,TNL9,KGZ
30,-0.25718179660778057,-0.08928883743184804,-0.4250747557837131,9,TNL9,KGZ
0,-0.09860892165572328,-0.002758525276280524,-0.19445931803516603,10,TNL10,KGZ
25,-0.3288087246820893,-0.1762722411879689,-0.48134520817620974,10,TNL10,KGZ
30,-0.37484868528736254,-0.19163345244273178,-0.5580639181319933,10,TNL10,KGZ
0,-0.005274642576621829,0.05585413663755673,-0.06640342179080039,8,TNL8,KOR
25,-0.300309498905988,-0.17729381476617795,-0.4233251830457981,8,TNL8,KOR
30,-0.3593164701718612,-0.2070984343575717,-0.5115345059861507,8,TNL8,KOR
0,0.06914850646996612,0.14226105221580698,-0.003964039275874742,9,TNL9,KOR
25,-0.2005351120266594,-0.06324791453192308,-0.33782230952139575,9,TNL9,KOR
30,-0.25447183572598453,-0.08647598570144391,-0.4224676857505252,9,TNL9,KOR
0,-0.10920038582665431,-0.013058151737922463,-0.20534261991538616,10,TNL10,KOR
25,-0.33297184209374564,-0.18059910451702715,-0.4853445796704641,10,TNL10,KOR
30,-0.37772613334716393,-0.1948217712455357,-0.5606304954487922,10,TNL10,KOR
0,-0.005534203799649263,0.055571185880522775,-0.0666395934798213,8,TNL8,LAO
25,-0.2917126788829154,-0.1695642952051696,-0.41386106256066124,8,TNL8,LAO
30,-0.34894837389956856,-0.1976289392607056,-0.5002678085384316,8,TNL8,LAO
0,0.07354141652060786,0.14652171595519392,5.611170860217868e-4,9,TNL9,LAO
25,-0.20076128934118762,-0.06344910860894656,-0.3380734700734287,9,TNL9,LAO
30,-0.2556218305135467,-0.08745715803053189,-0.4237865029965615,9,TNL9,LAO
0,-0.09847355059273262,-0.0029138859154592828,-0.19403321527000594,10,TNL10,LAO
25,-0.3252601218994197,-0.17270081456038372,-0.4778194292384557,10,TNL10,LAO
30,-0.37061743616075715,-0.18731022539633768,-0.5539246469251766,10,TNL10,LAO
0,-0.005615070953866186,0.0554902156777592,-0.06672035758549157,8,TNL8,LKA
25,-0.2919844210700756,-0.1698221103266208,-0.4141467318135304,8,TNL8,LKA
30,-0.3492582910933174,-0.1979243636903953,-0.5005922184962395,8,TNL8,LKA
0,0.07334053478545198,0.1463381552975317,3.4291427337228286e-4,9,TNL9,LKA
25,-0.20054359730017807,-0.06315239152699903,-0.3379348030733571,9,TNL9,LKA
30,-0.255320423717304,-0.08706391180391748,-0.42357693563069054,9,TNL9,LKA
0,-0.09823616399677207,-0.002661351844932436,-0.1938109761486117,10,TNL10,LKA
25,-0.3270826290440584,-0.17450371262704056,-0.4796615454610762,10,TNL10,LKA
30,-0.3728519220535157,-0.18951972083941937,-0.556184123267612,10,TNL10,LKA
0,-0.01090392335602533,0.05016519473969751,-0.07197304145174817,8,TNL8,LTU
25,-0.2923773951797341,-0.17035694610653754,-0.4143978442529307,8,TNL8,LTU
30,-0.3486720895444758,-0.1975639193646208,-0.4997802597243308,8,TNL8,LTU
0,0.06464265415324083,0.137450825112247,-0.008165516805765327,9,TNL9,LTU
25,-0.2021754025484532,-0.06507357893441237,-0.339277226162494,9,TNL9,LTU
30,-0.255539013888792,-0.08769889684971624,-0.42337913092786783,9,TNL9,LTU
0,-0.1077518284057154,-0.011983136460941637,-0.20352052035048918,10,TNL10,LTU
25,-0.3276087516193697,-0.1753365516442186,-0.4798809515945208,10,TNL10,LTU
30,-0.37158013626210057,-0.18869181310676675,-0.5544684594174344,10,TNL10,LTU
0,-0.010514434319103243,0.05036484806935258,-0.07139371670755908,8,TNL8,LVA
25,-0.29146414289294403,-0.16944348806501403,-0.41348479772087404,8,TNL8,LVA
30,-0.34765408460771213,-0.19653238826933728,-0.498775780946087,8,TNL8,LVA
0,0.06584031960176183,0.13840305649379178,-0.006722417290268123,9,TNL9,LVA
25,-0.2005038102257913,-0.06337715392180843,-0.3376304665297742,9,TNL9,LVA
30,-0.2537726361913019,-0.08587588788689132,-0.4216693844957125,9,TNL9,LVA
0,-0.10576410431216882,-0.010228590639544288,-0.20129961798479334,10,TNL10,LVA
25,-0.3258608801066589,-0.17354010696819183,-0.478181653245126,10,TNL10,LVA
30,-0.36988023526555697,-0.18690814185905302,-0.5528523286720609,10,TNL10,LVA
0,-0.005251552938882123,0.05586245432066946,-0.0663655601984337,8,TNL8,MAR
25,-0.29370849902536034,-0.171363425783836,-0.41605357226688466,8,TNL8,MAR
30,-0.3513998882426559,-0.19984255382955737,-0.5029572226557544,8,TNL8,MAR
0,0.07358896442566186,0.14658104154074145,5.968873105822725e-4,9,TNL9,MAR
25,-0.202211036513348,-0.06455514413045757,-0.3398669288962385,9,TNL9,MAR
30,-0.25737103670114997,-0.08880922670622754,-0.4259328466960724,9,TNL9,MAR
0,-0.09774495273081579,-0.002168844304414677,-0.19332106115721692,10,TNL10,MAR
25,-0.3277037206404088,-0.17492954290766133,-0.4804778983731563,10,TNL10,MAR
30,-0.3736954742223274,-0.19014264255286048,-0.5572483058917943,10,TNL10,MAR
0,-0.018915898550387868,0.042730967779703824,-0.08056276488047956,8,TNL8,MEX
25,-0.26671603916855596,-0.1416702703802873,-0.39176180795682464,8,TNL8,MEX
30,-0.3162760672921896,-0.16134384406679392,-0.4712082905175853,8,TNL8,MEX
0,0.05134909642783952,0.12514073111777227,-0.02244253826209324,9,TNL9,MEX
25,-0.17261947753911386,-0.03215605237637448,-0.31308290270185324,9,TNL9,MEX
30,-0.2174131923325045,-0.045380839721546024,-0.38944554494346295,9,TNL9,MEX
0,-0.12475716848653258,-0.027613002247449878,-0.2219013347256153,10,TNL10,MEX
25,-0.31625071945073174,-0.16006773517198505,-0.47243370372947846,10,TNL10,MEX
30,-0.3545494296435716,-0.16668651420872502,-0.5424123450784182,10,TNL10,MEX
0,-0.0042392554204870045,0.0568796676262002,-0.0653581784671742,8,TNL8,MKD
25,-0.2908652813788137,-0.16856327397973656,-0.4131672887778908,8,TNL8,MKD
30,-0.3481904865704791,-0.19671123551550201,-0.49966973762545613,8,TNL8,MKD
0,0.07511819127963124,0.14815656989031617,0.0020798126689462876,9,TNL9,MKD
25,-0.20004466074787272,-0.06252622967655203,-0.3375630918191934,9,TNL9,MKD
30,-0.2550772311533736,-0.08668644879292772,-0.42346801351381946,9,TNL9,MKD
0,-0.09761383383332128,-0.0020242143613961178,-0.19320345330524646,10,TNL10,MKD
25,-0.3277620222693506,-0.17506255053711178,-0.4804614940015894,10,TNL10,MKD
30,-0.37379165995655644,-0.1903365888231059,-0.557246731090007,10,TNL10,MKD
0,0.0741160945980079,0.1334036347709069,0.014828554425108928,8,TNL8,MNG
25,-0.34937643936426804,-0.22469625670824792,-0.4740566220202882,8,TNL8,MNG
30,-0.4340749461567232,-0.2793184041217238,-0.5888314881917226,8,TNL8,MNG
0,0.1570880594861522,0.22991087883397543,0.08426524013832896,9,TNL9,MNG
25,-0.2632769975533761,-0.12271277990613214,-0.40384121520062,9,TNL9,MNG
30,-0.3473500089612818,-0.17453598178025725,-0.5201640361423063,9,TNL9,MNG
0,-0.019405276674253666,0.0746379422748098,-0.11344849562331713,10,TNL10,MNG
25,-0.3747339892506046,-0.21954590797143733,-0.5299220705297718,10,TNL10,MNG
30,-0.4457997317658747,-0.2588493609395369,-0.6327501025922124,10,TNL10,MNG
0,-0.005734207424913625,0.0555942325522352,-0.06706264740206246,8,TNL8,MOZ
25,-0.29986695317626094,-0.17500400359401408,-0.4247299027585078,8,TNL8,MOZ
30,-0.35869350232653036,-0.20403845752857505,-0.5133485471244856,8,TNL8,MOZ
0,0.07236912042567215,0.14556052627424076,-8.222854228964599e-4,9,TNL9,MOZ
25,-0.21270257201449694,-0.07216946027180365,-0.3532356837571902,9,TNL9,MOZ
30,-0.26971691050253077,-0.09760286066277643,-0.4418309603422851,9,TNL9,MOZ
0,-0.09719245931712601,-0.001542933005210162,-0.19284198562904187,10,TNL10,MOZ
25,-0.3508538469180852,-0.19544153386446778,-0.5062661599717027,10,TNL10,MOZ
30,-0.401586124438277,-0.21474673670586994,-0.5884255121706841,10,TNL10,MOZ
0,-0.005814653629663641,0.05537527509346589,-0.06700458235279318,8,TNL8,MYS
25,-0.2911594694165933,-0.16829826314391938,-0.41402067568926726,8,TNL8,MYS
30,-0.3482284325739793,-0.19602643327522168,-0.5004304318727368,8,TNL8,MYS
0,0.07178813799474167,0.14487738961360674,-0.0013011136241234261,9,TNL9,MYS
25,-0.1982222265754318,-0.060244880218042335,-0.3361995729328212,9,TNL9,MYS
30,-0.2522242994894665,-0.08323113626179193,-0.4212174627171411,9,TNL9,MYS
0,-0.1006626020811551,-0.0049873735737953895,-0.1963378305885148,10,TNL10,MYS
25,-0.32310733321753504,-0.16977421448063376,-0.4764404519544363,10,TNL10,MYS
30,-0.36759627944481094,-0.18331929697241994,-0.551873261917202,10,TNL10,MYS
0,-0.005320044069222474,0.055744868860167114,-0.06638495699861206,8,TNL8,NGA
25,-0.29215949423597837,-0.17000980524502873,-0.414309183226928,8,TNL8,NGA
30,-0.34952738426932956,-0.1982118971172935,-0.5008428714213656,8,TNL8,NGA
0,0.07266902807551362,0.14564455104410248,-3.0649489307524314e-4,9,TNL9,NGA
25,-0.20094921273516778,-0.06361102146682837,-0.3382874040035072,9,TNL9,NGA
30,-0.255672860897304,-0.087480395354876,-0.423865326439732,9,TNL9,NGA
0,-0.09798038049525859,-0.0024262471354367515,-0.19353451385508041,10,TNL10,NGA
25,-0.3279750633985568,-0.1754394405613986,-0.480510686235715,10,TNL10,NGA
30,-0.3739739999792165,-0.19068958531008978,-0.5572584146483432,10,TNL10,NGA
0,-0.010375252799936518,0.05066623113129459,-0.07141673673116763,8,TNL8,NLD
25,-0.29930941818680823,-0.17617718082472927,-0.4224416555488872,8,TNL8,NLD
30,-0.35709625126418254,-0.20477206734095,-0.5094204351874151,8,TNL8,NLD
0,0.06854978253701827,0.14158400484291495,-0.004484439768878426,9,TNL9,NLD
25,-0.205145289876283,-0.06665781704985979,-0.3436327627027062,9,TNL9,NLD
30,-0.2598843043589432,-0.09052634653522179,-0.42924226218266465,9,TNL9,NLD
0,-0.10431747548717589,-0.008335197105283146,-0.20029975386906862,10,TNL10,NLD
25,-0.33364986298952226,-0.18001725878379776,-0.48728246719524676,10,TNL10,NLD
30,-0.37951634048999155,-0.1951490398365825,-0.5638836411434006,10,TNL10,NLD
0,-0.0012697527736039872,0.06252608715838368,-0.06506559270559165,8,TNL8,NOR
25,-0.2936942950527339,-0.17137667571823065,-0.41601191438723717,8,TNL8,NOR
30,-0.35217920350855997,-0.2006221331633922,-0.5037362738537278,8,TNL8,NOR
0,0.08847612521911803,0.16524144659087184,0.011710803847364226,9,TNL9,NOR
25,-0.2061198268537063,-0.0684133836415117,-0.34382627006590094,9,TNL9,NOR
30,-0.2650390172682711,-0.09647247038096221,-0.43360556415558005,9,TNL9,NOR
0,-0.08552965572609515,0.015148966751303894,-0.1862082782034942,10,TNL10,NOR
25,-0.3302686557782734,-0.1775066399275654,-0.4830306716289814,10,TNL10,NOR
30,-0.3792164557887091,-0.19580571646667827,-0.56262719511074,10,TNL10,NOR
0,-0.00542768185965968,0.05567908652248807,-0.06653445024180743,8,TNL8,NPL
25,-0.29213338011082424,-0.16999981386649238,-0.4142669463551561,8,TNL8,NPL
30,-0.3494745197610571,-0.19817278536606228,-0.5007762541560519,8,TNL8,NPL
0,0.073499997797322,0.14648604008941815,5.139555052258438e-4,9,TNL9,NPL
25,-0.20072727483863365,-0.06342083305452698,-0.3380337166227403,9,TNL9,NPL
30,-0.25557272936582476,-0.0874137805659253,-0.4237316781657242,9,TNL9,NPL
0,-0.09813652053993903,-0.0025695793696475233,-0.19370346171023053,10,TNL10,NPL
25,-0.32677788031194677,-0.1742641504704723,-0.47929161015342125,10,TNL10,NPL
30,-0.37250615226634837,-0.18925012837607444,-0.5557621761566223,10,TNL10,NPL
0,-0.010889207519257524,0.05032674094275967,-0.07210515598127472,8,TNL8,NZL
25,-0.2988744609576038,-0.17604423836905014,-0.4217046835461574,8,TNL8,NZL
30,-0.356471511645273,-0.20443299713560342,-0.5085100261549427,8,TNL8,NZL
0,0.06326613373021674,0.13650761940356526,-0.009975351943131788,9,TNL9,NZL
25,-0.2115495498580369,-0.07343572746311577,-0.349663372252958,9,TNL9,NZL
30,-0.2665126865756875,-0.09752362546920348,-0.43550174768217154,9,TNL9,NZL
0,-0.11123974189564395,-0.014863269523526026,-0.2076162142677619,10,TNL10,NZL
25,-0.34148491878305287,-0.1881294608826135,-0.49484037668349223,10,TNL10,NZL
30,-0.3875339541605346,-0.20343598563063534,-0.5716319226904338,10,TNL10,NZL
0,-0.006195398993503661,0.055082000748173605,-0.06747279873518093,8,TNL8,PAK
25,-0.2900755719524522,-0.16675391945748186,-0.41339722444742255,8,TNL8,PAK
30,-0.34685160654424196,-0.19405024565473022,-0.4996529674337537,8,TNL8,PAK
0,0.07227554237526837,0.14532084310139626,-7.697583508595174e-4,9,TNL9,PAK
25,-0.19347156614805094,-0.0550709695466515,-0.3318721627494504,9,TNL9,PAK
30,-0.24662098785271483,-0.07712063689344817,-0.4161213388119815,9,TNL9,PAK
0,-0.09824408160606041,-0.0025210055563652106,-0.19396715765575562,10,TNL10,PAK
25,-0.3210114700671845,-0.16712239937630863,-0.4749005407580604,10,TNL10,PAK
30,-0.3655649477594093,-0.18063394756208584,-0.5504959479567327,10,TNL10,PAK
0,-0.007523856079137315,0.05365865355817744,-0.06870636571645207,8,TNL8,PAN
25,-0.29425151700568924,-0.17130739619205027,-0.4171956378193282,8,TNL8,PAN
30,-0.35159704919099966,-0.19928532311747313,-0.5039087752645262,8,TNL8,PAN
0,0.07123638801886013,0.14435056922044187,-0.0018777931827215905,9,TNL9,PAN
25,-0.20426346782808905,-0.06610963407399911,-0.342417301582179,9,TNL9,PAN
30,-0.25936343899747877,-0.09014221013806237,-0.4285846678568952,9,TNL9,PAN
0,-0.10014491089440505,-0.00436637892909951,-0.19592344285971058,10,TNL10,PAN
25,-0.3333947742762107,-0.18029524331839986,-0.4864943052340216,10,TNL10,PAN
30,-0.3800447469525718,-0.19600927635862123,-0.5640802175465224,10,TNL10,PAN
0,-0.004480786552878241,0.05709663326212625,-0.06605820636788273,8,TNL8,PER
25,-0.3141608422452761,-0.19018209236875244,-0.4381395921217997,8,TNL8,PER
30,-0.37609685338375554,-0.2225346128770871,-0.529659093890424,8,TNL8,PER
0,0.06612243955292244,0.13919204487346176,-0.006947165767616906,9,TNL9,PER
25,-0.2347280625402856,-0.0956961323609318,-0.37375999271963944,9,TNL9,PER
30,-0.2948981629589273,-0.12461554432847968,-0.4651807815893749,9,TNL9,PER
0,-0.10359006509353699,-0.0077492350436808854,-0.1994308951433931,10,TNL10,PER
25,-0.34454301637539636,-0.1896066125778883,-0.4994794201729044,10,TNL10,PER
30,-0.3927336066317682,-0.20661455358028763,-0.5788526596832488,10,TNL10,PER
0,-0.006104461570921793,0.05514241971876556,-0.06735134286060915,8,TNL8,PHL
25,-0.2918806103710726,-0.16829558015816914,-0.41546564058397606,8,TNL8,PHL
30,-0.3490358401311027,-0.19588958188600536,-0.5021820983762001,8,TNL8,PHL
0,0.07474438055640695,0.14771678013004622,0.0017719809827676791,9,TNL9,PHL
25,-0.20347113880344253,-0.06452654950626727,-0.3424157281006178,9,TNL9,PHL
30,-0.2591142426754125,-0.08890614210424691,-0.4293223432465781,9,TNL9,PHL
0,-0.09430847121400779,0.0011419492316263186,-0.18975889165964188,10,TNL10,PHL
25,-0.3362768816999816,-0.18186144377489744,-0.49069231962506576,10,TNL10,PHL
30,-0.3846705637971763,-0.19907596571682498,-0.5702651618775276,10,TNL10,PHL
0,-0.008539736231190758,0.05281262581766922,-0.06989209828005073,8,TNL8,POL
25,-0.29180903524923685,-0.16906937248098508,-0.4145486980174886,8,TNL8,POL
30,-0.34846289505284606,-0.19655671892703616,-0.5003690711786559,8,TNL8,POL
0,0.07051356125436645,0.14390757707682234,-0.002880454568089441,9,TNL9,POL
25,-0.1984445589486237,-0.060232900972356535,-0.3366562169248909,9,TNL9,POL
30,-0.2522361829892216,-0.08310805772737004,-0.4213643082510732,9,TNL9,POL
0,-0.10810120413530257,-0.012042095461820779,-0.20416031280878436,10,TNL10,POL
25,-0.3253452873662942,-0.17236000809630808,-0.4783305666362803,10,TNL10,POL
30,-0.3687941040124926,-0.18507215243731032,-0.5525160555876748,10,TNL10,POL
0,-0.0024301256488723803,0.05867955313329187,-0.06353980443103663,8,TNL8,PRT
25,-0.29350606057734246,-0.17156280037714133,-0.4154493207775436,8,TNL8,PRT
30,-0.3517212475630364,-0.20069738993465225,-0.5027451051914206,8,TNL8,PRT
0,0.07818743121744604,0.1512532770097446,0.005121585425147443,9,TNL9,PRT
25,-0.20658450356819882,-0.06929210529803279,-0.34387690183836483,9,TNL9,PRT
30,-0.2635388905253278,-0.09545032571303724,-0.43162745533761837,9,TNL9,PRT
0,-0.09317401773601418,0.0026266283578232352,-0.1889746638298516,10,TNL10,PRT
25,-0.34021627937446164,-0.18742352769424037,-0.4930090310546829,10,TNL10,PRT
30,-0.3896247317021511,-0.20610156762118328,-0.573147895783119,10,TNL10,PRT
0,-0.009347909541023172,0.05173539754294855,-0.0704312166249949,8,TNL8,PRY
25,-0.28179584175391825,-0.15877838585536308,-0.4048132976524734,8,TNL8,PRY
30,-0.3362854281964971,-0.1839236182316362,-0.488647238161358,8,TNL8,PRY
0,0.06879688948784814,0.1417996897695102,-0.004205910793813938,9,TNL9,PRY
25,-0.18558416729056262,-0.04769234424911406,-0.3234759903320112,9,TNL9,PRY
30,-0.2364603786462447,-0.06761038821498047,-0.40531036907750895,9,TNL9,PRY
0,-0.10423980249029452,-0.00869096124841591,-0.19978864373217314,10,TNL10,PRY
25,-0.3099663116818144,-0.15699883715535556,-0.4629337862082732,10,TNL10,PRY
30,-0.35111161352011844,-0.1673729367738305,-0.5348502902664064,10,TNL10,PRY
0,0.007917808513257515,0.06925025354002246,-0.05341463651350742,8,TNL8,ROU
25,-0.26910074899374287,-0.14772019487242155,-0.3904813031150642,8,TNL8,ROU
30,-0.32450446049514287,-0.17406759672506478,-0.47494132426522095,8,TNL8,ROU
0,0.08052161502491056,0.15375961103097593,0.007283619018845194,9,TNL9,ROU
25,-0.18716751407645502,-0.050487559159807766,-0.32384746899310224,9,TNL9,ROU
30,-0.24070533989672815,-0.07326963367567035,-0.40814104611778595,9,TNL9,ROU
0,-0.09296611310647099,0.0033894171570657133,-0.18932164337000768,10,TNL10,ROU
25,-0.3110643946715305,-0.1597070730892944,-0.4624217162537666,10,TNL10,ROU
30,-0.3546840509845424,-0.17281915959256441,-0.5365489423765204,10,TNL10,ROU
0,-0.0020179708583850124,0.06810071727101916,-0.07213665898778918,8,TNL8,RUS
25,-0.2930367652666114,-0.16896445705067525,-0.4171090734825475,8,TNL8,RUS
30,-0.3512405241482566,-0.1962101043768265,-0.5062709439196867,8,TNL8,RUS
0,0.07018684601705984,0.15040924540433448,-0.010035553370214806,9,TNL9,RUS
25,-0.24780464259969062,-0.1105844487713816,-0.3850248364279997,9,TNL9,RUS
30,-0.31140294032304067,-0.14255171339429956,-0.48025416725178177,9,TNL9,RUS
0,-0.021856208023603337,0.08804022851303714,-0.13175264456024383,10,TNL10,RUS
25,-0.4129090846534018,-0.25978377007397824,-0.5660343992328254,10,TNL10,RUS
30,-0.49111965997936147,-0.3050352653489034,-0.6772040546098195,10,TNL10,RUS
0,-0.006217990072413652,0.0548809416131635,-0.06731692175799081,8,TNL8,SRB
25,-0.29481452124096513,-0.17273523009931754,-0.4168938123826127,8,TNL8,SRB
30,-0.35253382747467543,-0.20129753156989647,-0.5037701233794544,8,TNL8,SRB
0,0.07450338041157208,0.14747300143779646,0.0015337593853476938,9,TNL9,SRB
25,-0.20139363649716235,-0.06416925072608917,-0.33861802226823556,9,TNL9,SRB
30,-0.2565730398789092,-0.08850836643764368,-0.42463771332017475,9,TNL9,SRB
0,-0.09574058483633997,-1.692345926708333e-4,-0.1913119350800091,10,TNL10,SRB
25,-0.32436393731276936,-0.17176403316369665,-0.47696384146184206,10,TNL10,SRB
30,-0.37008860780805525,-0.18674771039496182,-0.5534295052211486,10,TNL10,SRB
0,-0.006590805678624191,0.05454136160122666,-0.06772297295847504,8,TNL8,SVK
25,-0.29189663891969925,-0.16975247156789758,-0.4140408062715009,8,TNL8,SVK
30,-0.3489578055679143,-0.19766525376291239,-0.5002503573729162,8,TNL8,SVK
0,0.07144373874152475,0.14446034893543558,-0.0015728714523860626,9,TNL9,SVK
25,-0.20010492026055335,-0.06272001226314938,-0.3374898282579573,9,TNL9,SVK
30,-0.254414652060969,-0.08619062389233997,-0.42263868022959805,9,TNL9,SVK
0,-0.10273916224993494,-0.006964558220131423,-0.19851376627973846,10,TNL10,SVK
25,-0.32703563289154003,-0.174468277259157,-0.479602988523923,10,TNL10,SVK
30,-0.371894927019861,-0.18864460632792546,-0.5551452477117965,10,TNL10,SVK
0,-0.004512586509218238,0.05652441198630088,-0.06554958500473736,8,TNL8,SVN
25,-0.2912267480909341,-0.1691560372685579,-0.41329745891331027,8,TNL8,SVN
30,-0.34856958040727726,-0.1973752274757442,-0.4997639333388103,8,TNL8,SVN
0,0.07316762782775235,0.14611242677227473,2.2282888322996963e-4,9,TNL9,SVN
25,-0.20131355973973925,-0.06403138921029033,-0.33859573026918816,9,TNL9,SVN
30,-0.2562097972532375,-0.08812339975252761,-0.4242961947539474,9,TNL9,SVN
0,-0.10067230390471477,-0.005036271483421492,-0.19630833632600803,10,TNL10,SVN
25,-0.32911540151519375,-0.17661647001639452,-0.481614333013993,10,TNL10,SVN
30,-0.37480402103728955,-0.19165668102999867,-0.5579513610445804,10,TNL10,SVN
0,0.021606739265002967,0.08571769331415127,-0.042504214784145344,8,TNL8,SWE
25,-0.2986093963465902,-0.17564733383176345,-0.4215714588614169,8,TNL8,SWE
30,-0.36265262346890875,-0.21052928448564442,-0.514775962452173,8,TNL8,SWE
0,0.10168743037622863,0.17919900980833478,0.024175850944122473,9,TNL9,SWE
25,-0.20555831346689674,-0.06704169880476454,-0.34407492812902896,9,TNL9,SWE
30,-0.2670074622355219,-0.09750494418290606,-0.43650998028813776,9,TNL9,SWE
0,-0.07283522866823718,0.02754074064213058,-0.17321119797860493,10,TNL10,SWE
25,-0.3223870398600665,-0.1687095301483689,-0.47606454957176414,10,TNL10,SWE
30,-0.3722974020984323,-0.18772934556536527,-0.5568654586314994,10,TNL10,SWE
0,-0.01231345311501393,0.04996229993387378,-0.07458920616390163,8,TNL8,THA
25,-0.2374518675817548,-0.11174626544947613,-0.36315746971403345,8,TNL8,THA
30,-0.28247955047510304,-0.12635746436521808,-0.43860163658498796,8,TNL8,THA
0,0.07859141904704546,0.15283288865515282,0.0043499494389381,9,TNL9,THA
25,-0.18406055255412165,-0.04301899621104188,-0.3251021088972014,9,TNL9,THA
30,-0.23659094687435508,-0.06330007990128109,-0.40988181384742906,9,TNL9,THA
0,-0.10862718955709005,-0.011426644849579906,-0.20582773426460022,10,TNL10,THA
25,-0.27682323271639403,-0.11757935709588,-0.4360671083369081,10,TNL10,THA
30,-0.31046244134825485,-0.11827366036624024,-0.5026512223302695,10,TNL10,THA
0,-0.026159284807357134,0.039124930786241144,-0.0914435004009554,8,TNL8,TUR
25,-0.2945605618349398,-0.1578762268877803,-0.43124489678209926,8,TNL8,TUR
30,-0.3482408172404563,-0.18030886296213178,-0.5161727715187808,8,TNL8,TUR
0,0.06272374605067678,0.14073241314629667,-0.015284921044943112,9,TNL9,TUR
25,-0.20974784095647658,-0.05841982510914545,-0.3610758568038077,9,TNL9,TUR
30,-0.26424215835790726,-0.08055180565530837,-0.44793251106050613,9,TNL9,TUR
0,-0.08777331792354677,0.017123181141184524,-0.19266981698827806,10,TNL10,TUR
25,-0.29069210649905913,-0.12021919305643855,-0.4611650199416797,10,TNL10,TUR
30,-0.3312758642141616,-0.12938581132307814,-0.5331659171052451,10,TNL10,TUR
0,-0.011686879039355441,0.04952667542652735,-0.07290043350523823,8,TNL8,TZA
25,-0.28194671999121074,-0.15923190364338596,-0.4046615363390355,8,TNL8,TZA
30,-0.3359986881815818,-0.18396605745845213,-0.48803131890471146,8,TNL8,TZA
0,0.06316491917378458,0.13606075204264498,-0.00973091369507581,9,TNL9,TZA
25,-0.17229146071029727,-0.034571424166425835,-0.3100114972541687,9,TNL9,TZA
30,-0.21938273668711364,-0.050763718907274546,-0.38800175446695273,9,TNL9,TZA
0,-0.11288175849802534,-0.016996019793895825,-0.20876749720215487,10,TNL10,TZA
25,-0.29167667034557354,-0.13872464914827193,-0.44462869154287515,10,TNL10,TZA
30,-0.3274356527150832,-0.14367177214943025,-0.5111995332807361,10,TNL10,TZA
0,8.230572487632568e-4,0.06291400707349319,-0.06126789257596668,8,TNL8,UKR
25,-0.3033123356637495,-0.18099545399276343,-0.4256292173347356,8,TNL8,UKR
30,-0.364139414246252,-0.2126997472340736,-0.5155790812584304,8,TNL8,UKR
0,0.07464686792394831,0.14819953364246033,0.0010942022054362954,9,TNL9,UKR
25,-0.22606976112900343,-0.08937392855223575,-0.3627655937057711,9,TNL9,UKR
30,-0.28621308693959385,-0.11875452333271289,-0.45367165054647485,9,TNL9,UKR
0,-0.06376937539642528,0.03149369921038639,-0.15903245000323696,10,TNL10,UKR
25,-0.31611076278042777,-0.164509408013549,-0.46771211754730657,10,TNL10,UKR
30,-0.36657904025722826,-0.1841119723184308,-0.5490461081960257,10,TNL10,UKR
0,-0.005643476995843281,0.0554078736025274,-0.06669482759421395,8,TNL8,URY
25,-0.290711960291686,-0.16859936820481192,-0.4128245523785601,8,TNL8,URY
30,-0.3477256569508545,-0.1964548147266123,-0.4989964991750967,8,TNL8,URY
0,0.0737028075745985,0.1466347500473762,7.708651018208251e-4,9,TNL9,URY
25,-0.2014285800963724,-0.06381121668579126,-0.33904594350695355,9,TNL9,URY
30,-0.25645485763056663,-0.08792613709119515,-0.42498357816993815,9,TNL9,URY
0,-0.09812052745365493,-0.002631921131934986,-0.19360913377537486,10,TNL10,URY
25,-0.3292604675950721,-0.1762110160155217,-0.4823099191746225,10,TNL10,URY
30,-0.3754884556233555,-0.19161155851251183,-0.5593653527341991,10,TNL10,URY
0,-0.013830640857381225,0.051172597876335074,-0.07883387959109753,8,TNL8,USA
25,-0.2834796827606456,-0.15213579421497425,-0.414823571306317,8,TNL8,USA
30,-0.3374094911412985,-0.1753617668390252,-0.49945721544357174,8,TNL8,USA
0,0.07287530417855645,0.1521051659548382,-0.0063545575977253105,9,TNL9,USA
25,-0.17161991243230162,-0.02339403876212212,-0.31984578610248116,9,TNL9,USA
30,-0.2205189557544732,-0.040030236454127566,-0.4010076750548188,9,TNL9,USA
0,-0.09410368748662247,0.011339906532551305,-0.19954728150579626,10,TNL10,USA
25,-0.306212685127784,-0.1400509813852756,-0.47237438887029237,10,TNL10,USA
30,-0.3486344846560164,-0.15050988758683148,-0.5467590817252013,10,TNL10,USA
0,-0.0010853149125599317,0.058187578036177724,-0.06035820786129759,8,TNL8,UZB
25,-0.11630484641333202,-0.03560684971115849,-0.19700284311550556,8,TNL8,UZB
30,-0.13934875271348646,-0.035721623936903854,-0.24297588149006905,8,TNL8,UZB
0,0.11058041245088387,0.17924518237743864,0.0419156425243291,9,TNL9,UZB
25,-0.006313951196824233,0.08830469654324229,-0.10093259893689076,9,TNL9,UZB
30,-0.029692823926365842,0.09145035172302418,-0.15083599957575586,9,TNL9,UZB
0,-0.00912933206237609,0.07245544792938864,-0.09071411205414083,10,TNL10,UZB
25,-0.10425426406365869,-0.0011465591175591483,-0.20736196900975823,10,TNL10,UZB
30,-0.1232792504639152,0.008310451611758904,-0.2548689525395893,10,TNL10,UZB
0,0.002114637475810529,0.06416770070949926,-0.059938425757878194,8,TNL8,VNM
25,-0.3230893852930045,-0.1936087287274902,-0.45257004185851885,8,TNL8,VNM
30,-0.3881301898467676,-0.22753642330676152,-0.5487239563867737,8,TNL8,VNM
0,0.06982210241049801,0.14320110421424437,-0.003556899393248353,9,TNL9,VNM
25,-0.20373511559118196,-0.05829942977718666,-0.34917080140517726,9,TNL9,VNM
30,-0.25844655919151793,-0.08015156493464506,-0.43674155344839083,9,TNL9,VNM
0,-0.10445184923357072,-0.008146469830643419,-0.20075722863649803,10,TNL10,VNM
25,-0.3359917786938372,-0.1752742740020821,-0.4967092833855923,10,TNL10,VNM
30,-0.3822997645858905,-0.18885288497997105,-0.57574664419181,10,TNL10,VNM
0,-0.0027130586460195616,0.05840358448911441,-0.06382970178115353,8,TNL8,ZAF
25,-0.3111446051516163,-0.18810178004808625,-0.43418743025514633,8,TNL8,ZAF
30,-0.3728309144527356,-0.22046575252119396,-0.5251960763842772,8,TNL8,ZAF
0,0.07533154860348092,0.14841259001691048,0.0022505071900513485,9,TNL9,ZAF
25,-0.21837852558778198,-0.07973075640812854,-0.3570262947674354,9,TNL9,ZAF
30,-0.27712054042603457,-0.10739173338037014,-0.446849347471699,9,TNL9,ZAF
0,-0.09690006616176276,-0.0012400113605676166,-0.1925601209629579,10,TNL10,ZAF
25,-0.3328400220233235,-0.1783201019457279,-0.48735994210091915,10,TNL10,ZAF
30,-0.38002801319563556,-0.19438786976769906,-0.5656681566235721,10,TNL10,ZAF
